CREATE DATABASE proj DEFAULT CHARACTER SET utf8 ;
USE proj;

CREATE TABLE Seoul_address (
    district_g VARCHAR(10),
    district_d VARCHAR(10),
    street VARCHAR(20),
    building_num VARCHAR(10),
    PRIMARY KEY (district_g, district_d, street, building_num)
);

INSERT INTO Seoul_address VALUES
('마포구', '성산동', '월드컵로34길', '6'),
('서대문구', '북아현동', '이화여대8길', '62'),
('서초구', '방배동', '방배천로18길', '11'),
('도봉구', '도봉동', '시루봉로', '284'),
('강남구', '역삼동', '테헤란로', '25'),
('송파구', '잠실동', '올림픽로', '300'),
('강동구', '천호동', '강동대로', '159'),
('노원구', '상계동', '노원로', '78'),
('관악구', '봉천동', '관악로', '45'),
('동작구', '노량진동', '노량진로', '103'),
('성동구', '성수동', '성수로', '88'),
('광진구', '화양동', '광진로', '55'),
('서대문구', '신촌동', '신촌로', '20'),
('영등포구', '여의도동', '여의대로', '24'),
('중구', '을지로동', '을지로', '99'),
('용산구', '이태원동', '이태원로', '88'),
('강서구', '화곡동', '화곡로', '123'),
('종로구', '평창동', '평창로', '45'),
('양천구', '목동', '목동로', '57'),
('성북구', '정릉동', '정릉로', '100'),
('동대문구', '휘경동', '휘경로', '200'),
('중랑구', '중화동', '중화로', '77'),
('은평구', '녹번동', '응암로', '100'),
('마포구', '신수동', '백범로', '35'),
('서대문구', '신촌동', '연세로', '50'),
('마포구', '신수동', '신수로8길', '20'),
('서초구', '반포동', '신반포로', '56-7'),
('서초구', '잠원동', '잠원로3길', '28'),
('도봉구', '창동', '해등로16길', '81'),
('관악구', '신림동', '관악로', '1'),
('도봉구', '쌍문동', '덕성로', '76'),
('종로구', '명륜3가', '성균관로', '25-2'),
('동작구', '흑석동', '흑석로', '84'),
('동대문구', '이문동', '이문로', '107'),
('마포구', '상수동', '와우산로', '94'),
('강남구', '대치동', '영동대로', '202'),
('강남구', '청담동', '영동대로', '720'),
('강동구', '둔촌동', '둔촌로', '14'),
('강동구', '둔촌동', '둔촌로', '35'),
('성북구', '삼선동', '삼선로', '10'),
('노원구', '공릉동', '공릉로', '232'),
('송파구', '송파동', '송파로', '10'),
('중랑구', '면목동', '면목로', '30'),
('성북구', '정릉동', '정릉로', '60'),
('광진구', '구의동', '구의로', '70'),
('동작구', '사당동', '사당로', '80'),
('관악구', '봉천동', '봉천로', '90'),
('금천구', '독산동', '독산로', '150'),
('구로구', '구로동', '구로로', '160'),
('중랑구', '중화동', '중화로', '190'),
('마포구', '아현동', '아현로', '200'),
('서대문구', '홍은동', '홍은로', '210'),
('은평구', '신사동', '신사로', '220'),
('구로구', '고척동', '고척로', '230'),
('금천구', '가산동', '가산로', '240'),
('영등포구', '영등포동', '영등포로', '250'),
('노원구', '하계동', '하계로', '260'),
('도봉구', '도봉동', '도봉로', '270'),
('성북구', '길음동', '길음로', '290'),
('광진구', '자양동', '자양로', '300'),
('성동구', '성수동', '성수로', '310'),
('동작구', '노량진동', '노량진로', '350'),
('관악구', '봉천동', '봉천로', '360'),
('송파구', '방이동', '방이로', '400'),
('강서구', '화곡동', '화곡로', '410'),
('양천구', '신월동', '신월로', '420'),
('마포구', '신수동', '백범로', '28'),
('서초구', '잠원동', '신반포로33길', '15'),
('도봉구', '창동', '노해로63가길', '7'),
('마포구', '도화동', '마포로', '20'),
('구로구', '고척동', '고척로', '15'),
('강남구', '압구정동', '압구정로', '50'),
('마포구', '상암동', '상암로', '10'),
('강남구', '논현동', '논현로', '45'),
('서초구', '방배동', '방배로', '60'),
('마포구', '공덕동', '마포로', '30'),
('영등포구', '여의도동', '여의대로', '10'),
('양천구', '목동', '목동로', '75'),
('강남구', '삼성동', '봉은사로', '110'),
('광진구', '자양동', '자양로', '70'),
('마포구', '상암동', '상암로', '55'),
('송파구', '문정동', '송파대로', '100'),
('동대문구', '답십리동', '왕산로', '50'),
('노원구', '상계동', '노원로', '90'),
('성북구', '길음동', '정릉로', '15'),
('동작구', '대방동', '상도로', '50'),
('서초구', '방배동', '방배로', '110'),
('용산구', '한남동', '한남로', '120'),
('성동구', '금호동', '금호로', '40'),
('동대문구', '용두동', '왕산로', '90'),
('은평구', '진관동', '은평로', '50'),
('광진구', '구의동', '자양로', '30'),
('용산구', '이태원동', '이태원로', '50'),
('성북구', '장위동', '장월로', '75'),
('강서구', '마곡동', '마곡로', '110'),
('마포구', '서교동', '홍익로', '10'),
('마포구', '연남동', '연남로', '20'),
('성동구', '마장동', '마장로', '35'),
('마포구', '망원동', '망원로', '25'),
('관악구', '신림동', '신림로', '75'),
('용산구', '한강진동', '한강로', '50'),
('서대문구', '연희동', '연희로', '60'),
('종로구', '숭인동', '종로', '80'),
('송파구', '문정동', '송파대로', '120'),
('강동구', '암사동', '암사로', '130'),
('동대문구', '장안동', '장안로', '140'),
('강동구', '고덕동', '고덕로', '150'),
('서초구', '서초동', '서초대로', '160'),
('서초구', '반포동', '반포로', '170'),
('동작구', '흑석동', '흑석로', '180'),
('마포구', '신수동', '월드컵로', '190'),
('강서구', '등촌동', '등촌로', '200'),
('강동구', '길동', '길동로', '210'),
('강남구', '대치동', '영동대로', '220'),
('강남구', '개포동', '개포로', '230'),
('강남구', '청담동', '영동대로', '240'),
('송파구', '석촌동', '석촌호수로', '250'),
('중랑구', '중화동', '중랑로', '260'),
('송파구', '장지동', '장지로', '270'),
('용산구', '한남동', '한남로', '280'),
('송파구', '가락동', '송파대로', '290'),
('마포구', '상암동', '상암로', '300'),
('서대문구', '홍제동', '통일로', '550'),
('용산구', '이태원동', '이태원로', '22'),
('서초구', '서초동', '서초대로', '255'),
('강남구', '역삼동', '테헤란로', '44'),
('송파구', '잠실동', '올림픽로', '22'),
('강북구', '미아동', '도봉로', '75'),
('종로구', '내수동', '사직로', '10'),
('용산구', '서빙고동', '서빙고로', '25'),
('송파구', '가락동', '중대로', '50'),
('동대문구', '장안동', '장안로', '150'),
('구로구', '신도림동', '경인로', '130'),
('강서구', '마곡동', '마곡로', '85'),
('강동구', '천호동', '강동대로', '112'),
('성동구', '성수동', '성수로', '105'),
('구로구', '신도림동', '경인로', '98'),
('서초구', '반포동', '반포로', '215'),
('광진구', '광장동', '광나루로', '85'),
('마포구', '공덕동', '마포대로', '95'),
('양천구', '목동', '목동로', '123'),
('강남구', '논현동', '논현로', '245'),
('용산구', '한남동', '한남로', '55'),
('마포구', '상암동', '상암로', '110'),
('마포구', '공덕동', '마포대로', '110'),
('도봉구', '창동', '도봉로', '200'),
('동작구', '노량진동', '노량진로', '75'),
('송파구', '송파동', '송파대로', '85'),
('서대문구', '충정로동', '충정로', '65'),
('성동구', '성수동', '성수로', '75'),
('강남구', '압구정동', '압구정로', '123'),
('영등포구', '여의도동', '여의대로', '55');

CREATE TABLE Agency (
    agency_ID VARCHAR(20) PRIMARY KEY,
    agency_name VARCHAR(50) NOT NULL,
    a_action INT NOT NULL,
    o_date DATE NOT NULL,
    district_g VARCHAR(10) NOT NULL,
    district_d VARCHAR(10) NOT NULL,
    street VARCHAR(20) NOT NULL,
    building_num VARCHAR(10) NOT NULL,
	FOREIGN KEY (district_g, district_d, street, building_num) REFERENCES Seoul_address(district_g, district_d, street, building_num)
);

INSERT INTO Agency VALUES
('92380000-5130', '골든공인중개사사무소', 0, '2014-06-27', '마포구', '성산동', '월드컵로34길', '6'),
('11410-2019-00030', '두산공인중개사사무소', 0, '2019-03-06', '서대문구', '북아현동', '이화여대8길','62'),
('11650-2021-00033', '현성파파공인중개사사무소', 0, '2021-01-27', '서초구', '방배동',  '방배천로18길', '11'),
('가92220000-994', '무지개부동산중개인사무소', 0, '1989-07-19', '도봉구', '도봉동', '시루봉로', '284'),
('23540-2017-00123', '한빛공인중개사사무소', 0, '2017-05-15', '강남구', '역삼동', '테헤란로', '25'),
('43210-2018-00045', '푸른부동산', 0, '2018-09-01', '송파구', '잠실동', '올림픽로', '300'),
('23120-2016-00234', '하늘공인중개사사무소', 0, '2016-11-21', '강동구', '천호동', '강동대로', '159'),
('32410-2020-00012', '한마음공인중개사사무소', 0, '2020-08-19', '노원구', '상계동', '노원로', '78'),
('52340-2015-00087', '좋은부동산', 0, '2015-03-30', '관악구', '봉천동', '관악로', '45'),
('34560-2019-00321', '성공부동산', 0, '2019-07-15', '동작구', '노량진동', '노량진로', '103'),
('56780-2013-00111', '청솔공인중개사사무소', 0, '2013-02-11', '성동구', '성수동', '성수로', '88'),
('67890-2014-00009', '해맑은부동산', 0, '2014-06-25', '광진구', '화양동', '광진로', '55'),
('78901-2021-00005', '행복공인중개사사무소', 0, '2020-12-05', '서대문구', '신촌동', '신촌로', '20'),
('89012-2018-00234', '세종부동산', 0, '2018-10-12', '영등포구', '여의도동', '여의대로', '24'),
('90123-2022-00014', '참좋은공인중개사사무소', 0, '2022-03-14', '중구', '을지로동', '을지로', '99'),
('01234-2017-00156', '미래공인중개사사무소', 0, '2017-07-17', '용산구', '이태원동', '이태원로', '88'),
('23456-2023-00001', '화곡부동산', 0, '2015-01-15', '강서구', '화곡동', '화곡로', '123'),
('34567-2023-00002', '종로공인중개사사무소', 0, '2012-02-20', '종로구', '평창동', '평창로', '45'),
('56780-2013-00112', '양천부동산', 0, '2015-03-25', '양천구', '목동', '목동로', '57'),
('34560-2014-00321', '성북부동산', 0, '2016-09-12', '성북구', '정릉동', '정릉로', '100'),
('67890-2017-00234', '동대문부동산', 0, '2018-05-30', '동대문구', '휘경동', '휘경로', '200'),
('90123-2019-00087', '중랑부동산', 0, '2020-02-17', '중랑구', '중화동', '중화로', '77'),
('가23452024-001', '은평공인중개사사무소', 0, '2024-06-01', '은평구', '녹번동', '응암로', '100');

CREATE TABLE Agency_phone (
	agency_ID VARCHAR(20),
	phone 	VARCHAR(15),
	PRIMARY KEY (agency_ID, phone),
	FOREIGN KEY (agency_ID) REFERENCES Agency(agency_ID)
);

INSERT INTO Agency_phone VALUES
('92380000-5130', '02-304-7773'),
('11410-2019-00030', '02-364-8090'),
('11650-2021-00033', '02-2057-1122'),
('가92220000-994', '02-3493-5858'),
('23540-2017-00123', '02-3452-2134'),
('43210-2018-00045', '02-4789-1145'),
('23120-2016-00234', '02-4532-7845'),
('52340-2015-00087', '02-6721-4532'),
('34560-2019-00321', '02-1145-5632'),
('56780-2013-00111', '02-8754-2145'),
('67890-2014-00009', '02-4521-8965'),
('78901-2021-00005', '02-8745-3214'),
('89012-2018-00234', '02-3698-1254'),
('01234-2017-00156', '02-9987-6521');

CREATE TABLE Agent (
    agent_ID VARCHAR(20) PRIMARY KEY,
    agency_ID VARCHAR(20),
	agent_name VARCHAR(50) NOT NULL,
    gender CHAR(1),
    b_date DATE NOT NULL,
    FOREIGN KEY (agency_ID) REFERENCES Agency(agency_ID)
);

INSERT INTO Agent VALUES
('1111-1111-11', '92380000-5130', '홍길동', 'M', '1980-01-01'),
('222-22222-2', '11410-2019-00030', '김철수', 'M', '1970-02-02'),
('33333-3-3333', '11410-2019-00030', '박영희', 'F', '1975-03-03'),
('4-4444-444', '11650-2021-00033', '오현성', 'M', '1990-04-04'),
('55-555555-555', '가92220000-994', '김현', 'M', '1973-05-05'),
('6666-6666-66', '23540-2017-00123', '이영희', 'F', '1985-06-06'),
('777-777777-7', '43210-2018-00045', '최민수', 'M', '1982-07-07'),
('8888-8888-88', '23120-2016-00234', '박민준', 'M', '1995-08-08'),
('1010-1010-10', '52340-2015-00087', '이수민', 'F', '1991-10-10'),
('1111-1111-12', '34560-2019-00321', '김지훈', 'M', '1978-11-11'),
('1212-1212-12', '56780-2013-00111', '윤지아', 'F', '1992-12-12'),
('1313-1313-13', '67890-2014-00009', '조수현', 'F', '1984-01-13'),
('1414-1414-14', '78901-2021-00005', '한지민', 'F', '1987-02-14'),
('1515-1515-15', '89012-2018-00234', '신동희', 'M', '1983-03-15'),
('1717-1717-17', '01234-2017-00156', '정유진', 'F', '1990-05-17'),
('1818-1818-18', '92380000-5130', '장희진', 'F', '1981-06-18'),
('1919-1919-19', '11410-2019-00030', '홍종현', 'M', '1986-07-19'),
('2020-2020-20', '11650-2021-00033', '이동훈', 'M', '1988-08-20'),
('2121-2121-21', '23456-2023-00001', '김민수', 'M', '1980-01-01'),
('2323-2323-23', '34567-2023-00002', '박철수', 'M', '1975-03-03'),
('2525-2525-25', '56780-2013-00112', '김현아', 'F', '1973-05-05'),
('2828-2828-28', '34560-2014-00321', '황지현', 'F', '1995-08-08'),
('2929-2929-29', '67890-2017-00234', '조수민', 'F', '1991-10-10'),
('3232-3232-32', '90123-2019-00087', '장유진', 'F', '1984-01-13'),
('0987-6543-21', '가23452024-001', '조현', 'M', '1970-12-07');

CREATE TABLE Agent_phone (
	agent_ID VARCHAR(20),
	phone VARCHAR(15),
    PRIMARY KEY (agent_ID, phone),
	FOREIGN KEY (agent_ID) REFERENCES Agent(agent_ID)
);

INSERT INTO Agent_phone VALUES
('1111-1111-11', '011-0101-0101'),
('222-22222-2', '010-0202-0202'),
('4-4444-444', '010-0404-0404'),
('55-555555-555', '010-0555-0555'),
('6666-6666-66', '010-0666-0666'),
('777-777777-7', '010-0777-0777'),
('8888-8888-88', '010-0888-0888'),
('8888-8888-88', '018-888-8888'),
('1010-1010-10', '010-1010-1010'),
('1111-1111-12', '010-1111-1212'),
('1212-1212-12', '010-1212-1212'),
('1313-1313-13', '010-1313-1313'),
('1414-1414-14', '010-1414-1414'),
('1515-1515-15', '010-1515-1515'),
('1717-1717-17', '010-1717-1717'),
('1818-1818-18', '010-1818-1818'),
('1919-1919-19', '010-1919-1919'),
('2020-2020-20', '010-2020-2020');

CREATE TABLE School_district (
    district_g VARCHAR(10) PRIMARY KEY,
    s_district INT NOT NULL,
    office_edu VARCHAR(20) NOT NULL
);

INSERT INTO School_district VALUES
('동대문구', 1, '동부교육지원청'),
('중랑구', 1, '동부교육지원청'),
('마포구', 2, '서부교육지원청'),
('서대문구', 2, '서부교육지원청'),
('은평구', 2, '서부교육지원청'),
('구로구', 3, '남부교육지원청'),
('금천구', 3, '남부교육지원청'),
('영등포구', 3, '남부교육지원청'),
('노원구', 4, '북부교육지원청'),
('도봉구', 4, '북부교육지원청'),
('용산구', 5, '중부교육지원청'),
('종로구', 5, '중부교육지원청'),
('중구', 5, '중부교육지원청'),
('강동구', 6, '강동송파교육지원청'),
('송파구', 6, '강동송파교육지원청'),
('강서구', 7, '강서교육지원청'),
('양천구', 7, '강서교육지원청'),
('강남구', 8, '강남교육지원청'),
('서초구', 8, '강남교육지원청'),
('관악구', 9, '동작관악교육지원청'),
('동작구', 9, '동작관악교육지원청'),
('광진구', 10, '성동광진교육지원청'),
('성동구', 10, '성동광진교육지원청'),
('강북구', 11, '성북교육지원청'),
('성북구', 11, '성북교육지원청');

CREATE TABLE School (
    school_ID VARCHAR(15) PRIMARY KEY,
    school_name VARCHAR(30) NOT NULL,
    s_category VARCHAR(10) NOT NULL,
    district_g VARCHAR(10) NOT NULL,
    district_d VARCHAR(10) NOT NULL,
    street VARCHAR(20) NOT NULL,
    building_num VARCHAR(10) NOT NULL,
    s_district INT,
    FOREIGN KEY (district_g, district_d, street, building_num) REFERENCES Seoul_address(district_g, district_d, street, building_num)
);

INSERT INTO School VALUES
('105-82-04568', '서강대학교', '대학교', '마포구', '신수동', '백범로', '35', null),
('110-82-00400', '연세대학교','대학교', '서대문구', '신촌동', '연세로', '50', null),
('105-83-01307', '광성중학교', '중학교', '마포구', '신수동', '신수로8길', '20', 2),
('114-82-00514', '세화여자고등학교', '고등학교',  '서초구', '반포동', '신반포로', '56-7', 8),
('114-83-00184', '반원초등학교', '초등학교', '서초구', '잠원동', '잠원로3길', '28', 8),
('217-83-00047', '서울창동초등학교', '초등학교', '도봉구', '창동', '해등로16길', '81', 4),
('123-45-67890', '서울대학교', '대학교', '관악구', '신림동', '관악로', '1', null),
('223-45-67891', '덕성여자대학교', '대학교', '도봉구', '쌍문동', '덕성로', '76', null),
('623-45-67895', '성균관대학교', '대학교', '종로구', '명륜3가', '성균관로', '25-2', null),
('723-45-67896', '중앙대학교', '대학교', '동작구', '흑석동', '흑석로', '84', null),
('823-45-67897', '한국외국어대학교', '대학교', '동대문구', '이문동', '이문로', '107', null),
('923-45-67898', '홍익대학교', '대학교', '마포구', '상수동', '와우산로', '94', null),
('010-12-34567', '휘문고등학교', '고등학교', '강남구', '대치동', '영동대로', '202', 8),
('111-13-45678', '대성고등학교', '고등학교', '강남구', '청담동', '영동대로', '720', 8),
('212-14-56789', '서울숭덕초등학교', '초등학교', '강동구', '둔촌동', '둔촌로', '14', 6),
('313-15-67890', '둔촌고등학교', '고등학교', '강동구', '둔촌동', '둔촌로', '35', 6),
('414-16-78901', '경동고등학교', '고등학교', '성북구', '삼선동', '삼선로', '10', 11),
('515-17-89012', '서울과학기술대학교', '대학교', '노원구', '공릉동', '공릉로', '232', null),
('312-34-56789', '송파초등학교', '초등학교', '송파구', '송파동', '송파로', '10', 6),
('514-56-78901', '중랑초등학교', '초등학교', '중랑구', '면목동', '면목로', '30', 1),
('817-89-01234', '성북초등학교', '초등학교', '성북구', '정릉동', '정릉로', '60', 11),
('918-90-12345', '광진초등학교', '초등학교', '광진구', '구의동', '구의로', '70', 10),
('019-01-23456', '동작초등학교', '초등학교', '동작구', '사당동', '사당로', '80', 9),
('120-12-34567', '관악초등학교', '초등학교', '관악구', '봉천동', '봉천로', '90', 9),
('726-78-90123', '금천초등학교', '초등학교', '금천구', '독산동', '독산로', '150', 3),
('827-89-01234', '구로초등학교', '초등학교', '구로구', '구로동', '구로로', '160', 3),
('130-12-34567', '중랑중학교', '중학교', '중랑구', '중화동', '중화로', '190', 1),
('231-23-45678', '마포중학교', '중학교', '마포구', '아현동', '아현로', '200', 2),
('332-34-56789', '서대문중학교', '중학교', '서대문구', '홍은동', '홍은로', '210', 2),
('433-45-67890', '은평중학교', '중학교', '은평구', '신사동', '신사로', '220', 2),
('534-56-78901', '구로중학교', '중학교', '구로구', '고척동', '고척로', '230', 3),
('635-67-89012', '금천중학교', '중학교', '금천구', '가산동', '가산로', '240', 3),
('736-78-90123', '영등포중학교', '중학교', '영등포구', '영등포동', '영등포로', '250', 3),
('837-89-01234', '노원중학교', '중학교', '노원구', '하계동', '하계로', '260', 4),
('938-90-12345', '도봉중학교', '중학교', '도봉구', '도봉동', '도봉로', '270', 4),
('140-12-34567', '성북중학교', '중학교', '성북구', '길음동', '길음로', '290', 11),
('241-23-45678', '광진중학교', '중학교', '광진구', '자양동', '자양로', '300', 10),
('342-34-56789', '성동중학교', '중학교', '성동구', '성수동', '성수로', '310', 10),
('746-78-90123', '동작고등학교', '고등학교', '동작구', '노량진동', '노량진로', '350', 9),
('847-89-01234', '관악고등학교', '고등학교', '관악구', '봉천동', '봉천로', '360', 9),
('251-23-45678', '송파고등학교', '고등학교', '송파구', '방이동', '방이로', '400', 6),
('352-34-56789', '강서고등학교', '고등학교', '강서구', '화곡동', '화곡로', '410', 7),
('453-45-67890', '양천고등학교', '고등학교', '양천구', '신월동', '신월로', '420', 7);

CREATE TABLE Seller (
    seller_ID INT PRIMARY KEY,
    seller_name VARCHAR(50) NOT NULL,
    gender CHAR(1),
    b_date DATE NOT NULL
);

INSERT INTO Seller VALUES
(12, 'Britton Jordan', 'M', '1998-12-26'),
(245, '김정현', 'M', '2002-01-23'),
(971, '박주형', 'M', '1999-08-04'),
(2366, 'Emilia Ardnt', 'F', '2003-06-09'),
(87, '이민수', 'M', '1985-07-15'),
(435, '박지은', 'F', '1990-11-23'),
(92, '김수현', 'M', '1992-02-14'),
(3487, '최예진', 'F', '1995-05-30'),
(723, '장민준', 'M', '1988-09-10'),
(1598, '윤서영', 'F', '2001-01-12'),
(621, '강민호', 'M', '1979-03-21'),
(1934, '오수민', 'F', '1983-06-05'),
(845, '조현우', 'M', '1994-08-19'),
(1109, '서유리', 'F', '1996-12-27'),
(203, '권지훈', 'M', '1981-10-17'),
(1723, '백지혜', 'F', '1993-04-04'),
(43, '이현우', 'M', '1997-05-23'),
(3290, '김민아', 'F', '1986-03-14'),
(847, '정우성', 'M', '1995-07-29'),
(91, '김예슬', 'F', '2000-09-10'),
(1405, '황재성', 'M', '1982-11-11'),
(578, '서지훈', 'M', '1993-02-18'),
(329, '박성민', 'F', '1999-06-06'),
(2321, '안지혜', 'F', '2002-12-12'),
(109, '한지민', 'F', '1990-04-22'),
(310, '최준혁', 'M', '1984-01-16'),
(1487, '김나영', 'F', '1989-08-25'),
(600, '이재영', 'M', '1987-02-09'),
(905, '박하늘', 'F', '1991-11-30'),
(204, '조민수', 'M', '1998-03-03');

CREATE TABLE Seller_phone (
	seller_ID INT,
	phone VARCHAR(15),
	PRIMARY KEY (seller_ID, phone),
	FOREIGN KEY (seller_ID) REFERENCES Seller(seller_ID)
);

INSERT INTO Seller_phone VALUES
(12, '+1-385-210-7965'),
(12, '010-1234-5678'),
(245, '010-0000-0000'),
(971, '016-111-1111'),
(971, '010-2222-2222'),
(2366, '010-4323-0000'),
(87, '010-3333-3333'),
(435, '010-4444-4444'),
(92, '010-5555-5555'),
(3487, '010-6666-6666'),
(723, '010-7777-7777'),
(1598, '010-8888-8888'),
(1934, '010-1010-1010'),
(845, '010-1111-1111'),
(1109, '010-1212-1212'),
(203, '010-1313-1313'),
(1723, '010-1414-1414'),
(43, '010-1515-1515'),
(43, '019-234-0987'),
(3290, '010-1616-1616'),
(847, '010-1717-1717'),
(91, '010-1818-1818'),
(1405, '010-1919-1919'),
(578, '010-2020-2020'),
(329, '010-2121-2121'),
(2321, '010-2223-2223'),
(109, '010-2324-2324'),
(310, '010-2425-2425'),
(1487, '010-2526-2526'),
(1487, '011-225-5556'),
(600, '010-2627-2627'),
(905, '010-2728-2728'),
(204, '010-2829-2829');

CREATE TABLE Buyer (
    buyer_ID INT PRIMARY KEY,
    buyer_name VARCHAR(50) NOT NULL,
    gender CHAR(1),
    b_date DATE NOT NULL
);

INSERT INTO Buyer VALUES
(3, '송지윤', 'F', '2001-02-04'),
(88, 'Derek Lewis', 'M', '1998-11-19'),
(9443, '송채윤', 'F', '2005-11-27'),
(12345, '이수빈', 'F', '2000-06-25'),
(27, '김민수', 'M', '1997-03-12'),
(1098, '박지현', 'F', '1995-07-28'),
(4356, '최준혁', 'M', '1992-09-10'),
(987, '이서현', 'F', '2003-05-19'),
(5674, '한지민', 'F', '1998-01-22'),
(1298, '이대호', 'M', '1994-08-15'),
(764, '김예슬', 'F', '2001-11-05'),
(4821, '박성민', 'M', '1999-04-30'),
(3056, '윤지우', 'F', '2002-02-14'),
(8723, '강민호', 'M', '1996-06-25'),
(654, '이영은', 'F', '2000-12-07'),
(4519, '오준서', 'M', '1988-09-09'),
(3078, '서유리', 'F', '1993-10-16'),
(821, '조현우', 'M', '1989-11-11'),
(9287, '장민준', 'M', '1997-05-18'),
(6432, '백지혜', 'F', '1991-07-20'),
(3312, '이민호', 'M', '1985-03-14'),
(1124, '김하늘', 'F', '2004-08-23'),
(543, '박준영', 'M', '1990-02-10'),
(9876, '최지민', 'F', '1998-11-30'),
(3245, '윤서현', 'M', '1995-05-22'),
(2119, '한예슬', 'F', '1997-12-11'),
(4583, '강지훈', 'M', '1993-06-17'),
(7812, '오하늘', 'F', '2002-04-19'),
(509, '정민수', 'M', '1996-01-05'),
(6741, '서지민', 'F', '2001-09-23'),
(8943, '조민준', 'M', '1987-08-28'),
(2301, '황지현', 'F', '1994-03-30'),
(715, '윤준호', 'M', '1999-07-27'),
(3382, '이수진', 'F', '1988-05-13'),
(5210, '김동현', 'M', '1991-10-14'),
(7802, '정하늘', 'F', '1992-01-16'),
(3457, '오민수', 'M', '1998-06-21'),
(6891, '박유진', 'F', '1997-09-25'),
(1234, '김서연', 'F', '2000-11-08'),
(4562, '최수현', 'M', '1993-04-06');

CREATE TABLE Buyer_phone (
	buyer_ID INT,
	phone VARCHAR(15),
	PRIMARY KEY(buyer_ID, phone),
	FOREIGN KEY (buyer_ID) REFERENCES Buyer(buyer_ID)
);

INSERT INTO Buyer_phone VALUES
(3, '010-9999-9999'),
(3, '010-1333-1333'),
(88, '+1-975-000-0000'),
(9443, '010-3000-0000'),
(12345, '010-5555-5555'),
(27, '010-4444-4444'),
(1098, '010-5556-5556'),
(4356, '010-6667-6667'),
(987, '010-7778-7778'),
(5674, '010-8889-8889'),
(1298, '010-9990-9990'),
(764, '010-1230-1230'),
(4821, '010-2341-2341'),
(3056, '010-3452-3452'),
(8723, '010-4563-4563'),
(654, '010-5674-5674'),
(4519, '010-6785-6785'),
(3078, '010-7896-7896'),
(821, '010-8907-8907'),
(9287, '010-9018-9018'),
(6432, '010-0123-0123'),
(3312, '010-1234-1234'),
(1124, '010-2345-2345'),
(543, '010-3456-3456'),
(9876, '010-4567-4567'),
(3245, '010-5678-5678'),
(2119, '010-6789-6789'),
(4583, '010-7890-7890'),
(7812, '010-8901-8901'),
(509, '010-9012-9012'),
(6741, '010-0124-0124'),
(8943, '010-1235-1235'),
(2301, '010-2346-2346'),
(715, '010-3457-3457'),
(3382, '010-4568-4568'),
(5210, '010-5679-5679'),
(7802, '010-6780-6780'),
(3457, '010-7891-7891'),
(6891, '010-8902-8902'),
(1234, '010-9013-9013'),
(4562, '010-0125-0125');

CREATE TABLE Estate (
    post_ID INT PRIMARY KEY,
	estate_name  VARCHAR(30) NOT NULL,
    floor INT NOT NULL,
    e_size DECIMAL(10, 2) NOT NULL,
    estate_type VARCHAR(20) NOT NULL,
    n_room INT NOT NULL,
    n_bed INT NOT NULL,
    n_bath INT NOT NULL,
    contract_type VARCHAR(20) NOT NULL,
    p_lump DECIMAL(10, 2) NOT NULL,
    p_mon_rent DECIMAL(10, 2) NOT NULL,
    p_main DECIMAL(10, 2),
    movein_date DATE NULL,
    parking INT NOT NULL,
	animal INT NOT NULL,
    facing VARCHAR(10) NOT NULL,
    post_date DATE NOT NULL,
    seller_ID INT NOT NULL,
    agent_ID VARCHAR(20) NOT NULL,
    agency_ID VARCHAR(20) NOT NULL,
    district_g VARCHAR(10) NOT NULL,
    district_d VARCHAR(10) NOT NULL,
    street VARCHAR(20) NOT NULL,
    building_num VARCHAR(10) NOT NULL,
    FOREIGN KEY (seller_ID) REFERENCES Seller(seller_ID),
    FOREIGN KEY (agent_ID) REFERENCES Agent(agent_ID),
    FOREIGN KEY (agency_ID) REFERENCES Agency(agency_ID),
    FOREIGN KEY (district_g, district_d, street, building_num) REFERENCES Seoul_address(district_g, district_d, street, building_num)
);

SET foreign_key_checks = 0; 

INSERT INTO Estate VALUES
(1, '서강레지덴시아', 18, 25.0, '오피스텔', 1, 1, 1, '월세', 1000, 100, 10, '2021-06-15', 50, 0, '남향', '2021-03-01', 87, '1818-1818-18', '92380000-5130', '마포구', '신수동', '백범로', '28'),
(2, '잠원동아아파트', 9, 110.0, '아파트', 4, 3, 2, '매매', 80000, 0, 20, '2021-08-10', 435, 1, '남동향', '2021-05-15', 435, '4-4444-444', '11650-2021-00033', '서초구', '잠원동', '신반포로33길', '15'),
(3, '도봉상아2차아파트', 14, 130.0, '아파트', 5, 3, 2, '전세', 30000, 0, 15, '2021-09-20', 92, 1, '남향', '2021-06-10', 92, '55-555555-555', '가92220000-994', '도봉구', '창동', '노해로63가길', '7'),
(4, '마포한강오피스텔', 7, 40.0, '오피스텔', 2, 1, 1, '반전세', 15000, 50, 10, '2021-11-05', 3487, 0, '남향', '2021-08-10', 3487, '1818-1818-18', '92380000-5130', '마포구', '도화동', '마포로', '20'),
(5, '대림e편한세상', 20, 110.0, '아파트', 4, 3, 2, '월세', 5000, 50, 15, '2021-12-15', 723, 0, '남서향', '2021-09-20', 723, '13131--1313-13', '67890-2014-00009', '광진구', '고척동', '고척로', '15'),
(6, '강남역오피스텔', 11, 25.0, '오피스텔', 1, 1, 1, '전세', 20000, 0, 20, '2021-10-25', 1598, 0, '남향', '2021-07-15', 1598, '6666-6666-66', '23540-2017-00123', '강남구', '역삼동', '테헤란로', '25'),
(7, '압구정신현대', 8, 90.0, '아파트', 4, 2, 1, '매매', 90000, 0, 25, '2021-04-15', 621, 0, '남동향', '2021-01-10', 621, '6666-6666-66', '23540-2017-00123', '강남구', '압구정동', '압구정로', '50'),
(8, '상암DMC아파트', 17, 150.0, '아파트', 5, 4, 2, '반전세', 25000, 40, 15, '2021-07-20', 1934, 1, '남서향', '2021-04-20', 1934, '1111-1111-11', '92380000-5130', '마포구', '상암동', '상암로', '10'),
(9, '논현동오피스텔', 6, 40.0, '오피스텔', 2, 1, 1, '월세', 2000, 70, 10, '2021-06-30', 845, 0, '동향', '2021-03-10', 845, '6666-6666-66', '23540-2017-00123', '강남구', '논현동', '논현로', '45'),
(10, '이수역아파트', 19, 90.0, '아파트', 3, 2, 1, '매매', 75000, 0, 20, '2021-11-15', 1109, 1, '남동향', '2021-06-20', 1109, '4-4444-444', '11650-2021-00033', '서초구', '방배동', '방배로', '60'),
(11, '공덕동주택', 0, 180.0, '단독주택', 8, 5, 4, '전세', 20000, 0, 15, '2021-05-05', 4, 1, '서향', '2021-02-15', 329, '1111-1111-11', '92380000-5130', '마포구', '공덕동', '마포로', '30'),
(12, '여의도아파트', 18, 110.0, '아파트', 4, 3, 2, '반전세', 30000, 70, 20, '2021-08-25', 2400, 1, '남향', '2021-05-10', 1723, '1515-1515-15', '89012-2018-00234', '영등포구', '여의도동', '여의대로', '10'),
(13, '목동e편한세상', 14, 110.0, '아파트', 4, 3, 2, '월세', 15000, 100, 15, '2021-12-05', 2800, 1, '남동향', '2021-09-01', 43, '2525-2525-25', '56780-2013-00112', '양천구', '목동', '목동로', '75'),
(14, '성수동오피스텔', 11, 40.0, '오피스텔', 2, 1, 1, '매매', 60000, 0, 20, '2021-10-15', 170, 0, '남향', '2021-07-20', 3290, '1212-1212-12', '56780-2013-00111', '성동구', '성수동', '성수로', '88'),
(15, '삼성동래미안', 7, 150.0, '아파트', 5, 3, 2, '반전세', 40000, 50, 20, '2021-11-25', 847, 1, '남동향', '2021-08-15', 203, '6666-6666-66', '23540-2017-00123', '강남구', '삼성동', '봉은사로', '110'),
(16, '광진구주택', 0, 140.0, '단독주택', 6, 4, 3, '매매', 80000, 0, 20, '2021-09-10', 91, 1, '남향', '2021-06-01', 43, '1313-1313-13', '67890-2014-00009', '광진구', '자양동', '자양로', '70'),
(17, '마포프레스티지', 10, 70.0, '아파트', 3, 2, 1, '전세', 35000, 0, 15, '2021-07-30', 1405, 0, '서향', '2021-04-15', 3290, '1818-1818-18', '92380000-5130', '마포구', '상암동', '상암로', '55'),
(18, '송파레지던스', 16, 25.0, '오피스텔', 1, 1, 1, '월세', 2000, 80, 15, '2021-06-20', 578, 0, '남서향', '2021-03-01', 847, '777-777777-7', '43210-2018-00045', '송파구', '문정동', '송파대로', '100'),
(19, '동대문힐스테이트', 12, 110.0, '아파트', 4, 3, 2, '매매', 65000, 0, 20, '2021-12-30', 329, 1, '동향', '2021-09-20', 91, '2929-2929-29', '67890-2017-00234', '동대문구', '답십리동', '왕산로', '50'),
(20, '노원힐링타운', 8, 90.0, '아파트', 3, 2, 1, '전세', 40000, 0, 15, '2021-08-05', 2321, 0, '남향', '2021-05-15', 1405, '1111-1111-11', '가92220000-994', '도봉구', '상계동', '노원로', '90'),
(21, '성북아이파크', 19, 150.0, '아파트', 5, 3, 2, '월세', 12000, 80, 10, '2022-03-10', 1800, 1, '남향', '2022-01-15', 1298, '2828-2828-28', '34560-2014-00321', '성북구', '길음동', '정릉로', '15'),
(22, '신촌푸르지오', 15, 40.0, '오피스텔', 2, 1, 1, '전세', 35000, 0, 15, '2022-07-18', 90, 0, '남서향', '2022-04-05', 764, '1919-1919-19', '11410-2019-00030', '서대문구', '신촌동', '신촌로', '20'),
(23, '상도동아파트', 8, 200.0, '아파트', 6, 4, 2, '매매', 65000, 0, 20, '2022-09-15', 2500, 1, '동향', '2022-05-10', 4821, '1111-1111-12', '34560-2019-00321', '동작구', '상도동', '상도로', '50'),
(24, '목동힐스테이트', 11, 110.0, '아파트', 3, 2, 1, '반전세', 30000, 60, 15, '2022-11-20', 2200, 1, '남향', '2022-08-01', 3056, '2525-2525-25', '56780-2013-00112', '양천구', '목동', '목동로', '75'),
(25, '방배아트빌라', 16, 150.0, '아파트', 4, 2, 1, '월세', 10000, 70, 15, '2022-10-05', 2700, 1, '남서향', '2022-07-10', 8723, '2020-2020-20', '11650-2021-00033', '서초구', '방배동', '방배로', '110'),
(26, '한남리버뷰', 12, 25.0, '오피스텔', 1, 1, 1, '전세', 25000, 0, 15, '2022-06-25', 120, 0, '서향', '2022-04-15', 654, '1717-1717-17', '01234-2017-00156', '용산구', '한남동', '한남로', '120'),
(27, '금호리첸시아', 9, 200.0, '아파트', 5, 3, 2, '매매', 70000, 0, 20, '2022-05-15', 1900, 1, '남향', '2022-02-10', 4519, '1212-1212-12', '56780-2013-00111', '성동구', '금호동', '금호로', '40'),
(28, '동대문더샵', 11, 25.0, '오피스텔', 1, 1, 1, '월세', 1500, 90, 10, '2022-08-15', 80, 0, '남동향', '2022-05-05', 3078, '2929-2929-29', '67890-2017-00234', '동대문구', '용두동', '왕산로', '90'),
(29, '은평뉴타운', 20, 90.0, '아파트', 3, 2, 1, '전세', 30000, 0, 15, '2022-07-10', 2600, 1, '동향', '2022-04-05', 821, '0987-6543-21', '가23452024-001', '은평구', '진관동', '은평로', '50'),
(30, '구의롯데캐슬', 17, 150.0, '아파트', 5, 3, 2, '매매', 65000, 0, 20, '2022-09-25', 2200, 1, '남향', '2022-06-15', 9287, '1313-1313-13', '67890-2014-00009', '광진구', '구의동', '자양로', '30'),
(31, '이태원리버뷰', 15, 40.0, '오피스텔', 1, 1, 1, '반전세', 20000, 70, 15, '2022-11-30', 170, 0, '남서향', '2022-08-10', 6432, '1717-1717-17', '01234-2017-00156', '용산구', '이태원동', '이태원로', '50'),
(32, '장위힐스테이트', 9, 200.0, '아파트', 5, 3, 2, '월세', 10000, 80, 15, '2022-12-20', 2000, 1, '서향', '2022-09-10', 3312, '2828-2828-28', '34560-2014-00321', '성북구', '장위동', '장월로', '75'),
(33, '마곡한울타운', 7, 110.0, '아파트', 4, 2, 1, '전세', 25000, 0, 15, '2022-06-05', 2200, 1, '남동향', '2022-03-15', 1124, '2121-2121-21', '23456-2023-00001', '강서구', '마곡동', '마곡로', '110'),
(34, '홍대힐스테이트', 12, 40.0, '오피스텔', 2, 1, 1, '매매', 60000, 0, 20, '2022-05-30', 120, 0, '남향', '2022-02-20', 543, '1111-1111-11', '92380000-5130', '마포구', '서교동', '홍익로', '10'),
(35, '연남동레지던스', 3, 25.0, '오피스텔', 2, 1, 1, '반전세', 22000, 60, 15, '2022-11-10', 150, 0, '동향', '2022-08-20', 9876, '1111-1111-11', '92380000-5130', '마포구', '연남동', '연남로', '20'),
(36, '마장동주택', 0, 180.0, '단독주택', 8, 5, 4, '전세', 20000, 0, 15, '2022-03-05', 6, 1, '남서향', '2022-01-20', 3245, '1212-1212-12', '56780-2013-00111', '성동구', '마장동', '마장로', '35'),
(37, '망원동힐스테이트', 4, 90.0, '아파트', 3, 2, 1, '월세', 8000, 50, 15, '2022-08-05', 1800, 1, '남향', '2022-05-10', 2119, '1111-1111-11', '92380000-5130', '마포구', '망원동', '망원로', '25'),
(38, '신림뉴타운', 17, 200.0, '아파트', 6, 4, 2, '매매', 50000, 0, 20, '2022-09-20', 2800, 1, '동향', '2022-06-01', 4583, '1010-1010-10', '52340-2015-00087', '관악구', '신림동', '신림로', '75'),
(39, '한강진리버뷰', 14, 25.0, '오피스텔', 1, 1, 1, '전세', 23000, 0, 15, '2022-06-10', 70, 0, '남향', '2022-03-15', 7812, '1717-1717-17', '01234-2017-00156', '용산구', '한강진동', '한강로', '50'),
(40, '서대문프레스티지', 11, 40.0, '오피스텔', 2, 1, 1, '반전세', 19000, 60, 15, '2022-11-20', 100, 0, '남서향', '2022-08-10', 509, '33333-3-3333', '11410-2019-00030', '서대문구', '연희동', '연희로', '60'),
(41, '종로타워', 15, 25.0, '오피스텔', 1, 1, 1, '매매', 55000, 0, 20, '2023-12-15', 100, 0, '동향', '2023-09-05', 6741, '2323-2323-23', '34567-2023-00002', '종로구', '숭인동', '종로', '80'),
(42, '문정레지던스', 5, 40.0, '오피스텔', 2, 1, 1, '월세', 2000, 70, 10, '2023-07-15', 150, 0, '남동향', '2023-04-05', 8943, '777-777777-7', '43210-2018-00045', '송파구', '문정동', '송파대로', '120'),
(43, '암사힐스테이트', 12, 150.0, '아파트', 4, 3, 2, '매매', 65000, 0, 20, '2023-08-30', 1500, 1, '남향', '2023-06-10', 2301, '8888-8888-88', '23120-2016-00234', '강동구', '암사동', '암사로', '130'),
(44, '장안동리버뷰', 11, 25.0, '오피스텔', 1, 1, 1, '전세', 27000, 0, 15, '2023-04-20', 180, 0, '동향', '2023-01-05', 715, '2929-2929-29', '67890-2017-00234', '동대문구', '장안동', '장안로', '140'),
(45, '고덕아트빌라', 6, 90.0, '아파트', 4, 2, 1, '월세', 11000, 60, 10, '2023-09-05', 2000, 1, '남향', '2023-05-25', 3382, '8888-8888-88', '23120-2016-00234', '강동구', '고덕동', '고덕로', '150'),
(46, '서초타워', 3, 25.0, '오피스텔', 1, 1, 1, '반전세', 20000, 70, 15, '2023-10-10', 130, 0, '서향', '2023-07-01', 5210, '2020-2020-20', '11650-2021-00033', '서초구', '서초동', '서초대로', '160'),
(47, '반포리버뷰', 19, 40.0, '오피스텔', 2, 1, 1, '매매', 45000, 0, 20, '2023-03-25', 140, 0, '남동향', '2023-01-15', 7802, '2020-2020-20', '11650-2021-00033', '서초구', '반포동', '반포로', '170'),
(48, '흑석뉴타운', 18, 150.0, '아파트', 3, 2, 1, '전세', 32000, 0, 20, '2023-07-25', 2500, 1, '남향', '2023-04-20', 3457, '1111-1111-12', '34560-2019-00321', '동작구', '흑석동', '흑석로', '180'),
(49, '마포그린타운', 17, 200.0, '아파트', 5, 3, 2, '월세', 14000, 80, 15, '2023-12-25', 3000, 1, '남서향', '2023-10-05', 6891, '1111-1111-11', '92380000-5130', '마포구', '신수동', '월드컵로', '190'),
(50, '등촌아이파크', 4, 150.0, '아파트', 4, 3, 2, '매매', 65000, 0, 20, '2023-04-05', 2200, 1, '동향', '2023-01-20', 1234, '2121-2121-21', '23456-2023-00001', '강서구', '등촌동', '등촌로', '200'),
(51, '길동리버뷰', 8, 40.0, '오피스텔', 2, 1, 1, '반전세', 18000, 70, 15, '2023-11-25', 150, 0, '남향', '2023-08-15', 4562, '8888-8888-88', '23120-2016-00234', '강동구', '길동', '길동로', '210'),
(52, '대치동주택', 0, 180.0, '단독주택', 8, 5, 4, '전세', 35000, 0, 20, '2023-03-15', 4, 1, '남동향', '2023-01-10', 87, '6666-6666-66', '23540-2017-00123', '강남구', '대치동', '영동대로', '220'),
(53, '개포힐스테이트', 14, 110.0, '아파트', 4, 3, 2, '매매', 70000, 0, 20, '2023-08-10', 2200, 1, '남향', '2023-05-01', 435, '6666-6666-66', '23540-2017-00123', '강남구', '개포동', '개포로', '230'),
(54, '청담타워', 13, 40.0, '오피스텔', 1, 1, 1, '반전세', 20000, 60, 15, '2023-09-20', 120, 0, '서향', '2023-06-01', 92, '6666-6666-66', '23540-2017-00123', '강남구', '청담동', '영동대로', '240'),
(55, '석촌리버뷰', 4, 25.0, '오피스텔', 1, 1, 1, '매매', 60000, 0, 20, '2023-06-15', 170, 0, '남동향', '2023-03-10', 3487, '777-777777-7', '43210-2018-00045', '송파구', '석촌동', '석촌호수로', '250'),
(56, '중랑아이파크', 10, 90.0, '아파트', 3, 2, 1, '전세', 28000, 0, 15, '2023-04-30', 2100, 1, '남향', '2023-01-05', 723, '3232-3232-32', '90123-2019-00087', '중랑구', '중화동', '중랑로', '260'),
(57, '장지힐스테이트', 9, 150.0, '아파트', 5, 3, 2, '월세', 15000, 70, 15, '2023-10-30', 2500, 1, '남서향', '2023-07-10', 1598, '777-777777-7', '43210-2018-00045', '송파구', '장지동', '장지로', '270'),
(58, '한남더힐', 3, 25.0, '오피스텔', 1, 1, 1, '반전세', 25000, 50, 20, '2023-12-10', 160, 0, '남향', '2023-09-01', 621, '1717-1717-17', '01234-2017-00156', '용산구', '한남동', '한남로', '280'),
(59, '송파타워', 20, 40.0, '오피스텔', 1, 1, 1, '매매', 55000, 0, 15, '2023-05-25', 140, 0, '동향', '2023-03-01', 1934, '777-777777-7', '43210-2018-00045', '송파구', '가락동', '송파대로', '290'),
(60, '상암리버뷰', 6, 40.0, '오피스텔', 2, 1, 1, '전세', 22000, 0, 15, '2023-11-15', 130, 0, '남동향', '2023-08-01', 1109, '1818-1818-18', '92380000-5130', '마포구', '상암동', '상암로', '300'),
(61, '홍제동현대아파트', 12, 85.0, '아파트', 3, 2, 1, '전세', 42500, 0, 15, '2024-06-01', 1000, 1, '남향', '2024-05-01', 92, '33333-3-3333', '11410-2019-00030', '서대문구', '홍제동', '통일로', '550'),
(62, '용산파크타워', 23, 120.0, '아파트', 4, 3, 2, '매매', 120000, 0, 20, '2024-06-15', 1200, 1, '남동향', '2024-05-10', 87, '1717-1717-17', '01234-2017-00156', '용산구', '이태원동', '이태원로', '22'),
(63, '서초래미안', 17, 140.0, '아파트', 5, 3, 2, '월세', 30000, 150, 25, '2024-07-01', 1300, 1, '서향', '2024-06-01', 1598, '2020-2020-20', '11650-2021-00033', '서초구', '서초동', '서초대로', '255'),
(64, '강남우성아파트', 21, 110.0, '아파트', 4, 2, 2, '반전세', 50000, 70, 20, '2024-05-20', 1400, 1, '남서향', '2024-05-01', 621, '6666-6666-66', '23540-2017-00123', '강남구', '역삼동', '테헤란로', '44'),
(65, '잠실리센츠', 14, 90.0, '아파트', 3, 2, 1, '매매', 90000, 0, 18, '2024-04-10', 1600, 1, '동향', '2024-03-01', 435, '777-777777-7', '43210-2018-00045', '송파구', '잠실동', '올림픽로', '22'),
(66, '강북한신아파트', 18, 95.0, '아파트', 3, 2, 1, '전세', 47500, 0, 20, '2024-05-25', 1100, 1, '남향', '2024-04-15', 1723, '3232-3232-32', '90123-2019-00087', '강북구', '미아동', '도봉로', '75'),
(67, '광화문오피스텔', 11, 40.0, '오피스텔', 2, 1, 1, '월세', 5000, 70, 10, '2024-05-30', 250, 0, '서향', '2024-05-01', 845, '2323-2323-23', '34567-2023-00002', '종로구', '내수동', '사직로', '10'),
(68, '서빙고힐스테이트', 16, 45.0, '오피스텔', 1, 1, 1, '반전세', 10000, 50, 12, '2024-06-10', 220, 0, '남동향', '2024-05-10', 1405, '1717-1717-17', '01234-2017-00156', '용산구', '서빙고동', '서빙고로', '25'),
(69, '가락삼익아파트', 27, 85.0, '아파트', 3, 2, 1, '매매', 85000, 0, 18, '2024-04-15', 1800, 1, '남서향', '2024-03-15', 91, '777-777777-7', '43210-2018-00045', '송파구', '가락동', '중대로', '50'),
(70, '장안파크뷰', 4, 120.0, '단독주택', 6, 4, 3, '전세', 36000, 0, 10, '2024-05-25', 3, 1, '동향', '2024-04-20', 1298, '2929-2929-29', '67890-2017-00234', '동대문구', '장안동', '장안로', '150'),
(71, '구로신도림테라스', 8, 55.0, '오피스텔', 2, 1, 1, '월세', 5500, 80, 12, '2024-06-01', 200, 0, '남향', '2024-05-01', 91, '1111-1111-12', '34560-2019-00321', '구로구', '신도림동', '경인로', '130'),
(72, '마곡더힐아파트', 6, 100.0, '아파트', 4, 3, 2, '반전세', 20000, 60, 18, '2024-05-20', 1400, 1, '서향', '2024-05-01', 204, '2121-2121-21', '23456-2023-00001', '강서구', '마곡동', '마곡로', '85'),
(73, '천호리버뷰', 22, 105.0, '아파트', 4, 3, 2, '매매', 105000, 0, 20, '2024-06-10', 1800, 1, '남동향', '2024-05-10', 43, '8888-8888-88', '23120-2016-00234', '강동구', '천호동', '강동대로', '112'),
(74, '성수아이파크', 9, 70.0, '아파트', 3, 2, 1, '전세', 35000, 0, 15, '2024-05-25', 1000, 1, '남서향', '2024-04-20', 971, '1212-1212-12', '56780-2013-00111', '성동구', '성수동', '성수로', '105'),
(75, '신도림힐스테이트', 14, 80.0, '아파트', 3, 2, 1, '월세', 16000, 110, 20, '2024-06-05', 1500, 1, '동향', '2024-05-05', 203, '1111-1111-12', '34560-2019-00321', '구로구', '신도림동', '경인로', '98'),
(76, '반포리버파크', 7, 140.0, '단독주택', 5, 3, 2, '전세', 42000, 0, 5, '2024-05-30', 5, 1, '남향', '2024-05-01', 845, '2020-2020-20', '11650-2021-00033', '서초구', '반포동', '반포로', '215'),
(77, '광장현대아파트', 11, 95.0, '아파트', 4, 3, 2, '매매', 95000, 0, 18, '2024-04-20', 1400, 1, '남동향', '2024-03-15', 87, '6666-6666-66', '67890-2014-00009', '광진구', '광장동', '광나루로', '85'),
(78, '마포삼성타운', 10, 75.0, '아파트', 3, 2, 1, '반전세', 40000, 50, 15, '2024-05-25', 1600, 1, '서향', '2024-04-20', 1487, '1111-1111-11', '92380000-5130', '마포구', '공덕동', '마포대로', '95'),
(79, '목동신도림타운', 28, 120.0, '아파트', 4, 3, 2, '전세', 60000, 0, 20, '2024-05-30', 1800, 1, '남향', '2024-05-01', 905, '2525-2525-25', '56780-2013-00112', '양천구', '목동', '목동로', '123'),
(80, '논현타워', 5, 35.0, '오피스텔', 1, 1, 1, '월세', 3500, 60, 10, '2024-05-25', 150, 0, '남서향', '2024-05-01', 3487, '6666-6666-66', '23540-2017-00123', '강남구', '논현동', '논현로', '245'),
(81, '한남리버파크', 12, 105.0, '아파트', 4, 3, 2, '매매', 105000, 0, 22, '2024-05-15', 2000, 1, '동향', '2024-04-01', 3290, '1717-1717-17', '01234-2017-00156', '용산구', '한남동', '한남로', '55'),
(82, '상암DMC오피스텔', 13, 45.0, '오피스텔', 2, 1, 1, '반전세', 7000, 40, 12, '2024-06-05', 220, 0, '서향', '2024-05-01', 621, '1818-1818-18', '92380000-5130', '마포구', '상암동', '상암로', '110'),
(83, '공덕아이파크', 15, 90.0, '아파트', 3, 2, 1, '전세', 45000, 0, 15, '2024-05-20', 1300, 1, '남향', '2024-04-15', 600, '1111-1111-11', '92380000-5130', '마포구', '공덕동', '마포대로', '110'),
(84, '도봉파크뷰', 18, 120.0, '아파트', 4, 3, 2, '매매', 120000, 0, 25, '2024-06-10', 1800, 1, '남동향', '2024-05-10', 600, '55-555555-555', '가92220000-994', '도봉구', '창동', '도봉로', '200'),
(85, '노량진신도림타운', 17, 100.0, '아파트', 4, 3, 2, '반전세', 50000, 60, 18, '2024-06-01', 1400, 1, '서향', '2024-05-01', 310, '2828-2828-28', '34560-2019-00321', '동작구', '노량진동', '노량진로', '75'),
(86, '송파파크타워', 14, 110.0, '아파트', 4, 3, 2, '전세', 55000, 0, 18, '2024-05-25', 1600, 1, '남향', '2024-04-20', 92, '777-777777-7', '43210-2018-00045', '송파구', '송파동', '송파대로', '85'),
(87, '서대문프레스티지', 7, 60.0, '오피스텔', 2, 1, 1, '월세', 6000, 70, 15, '2024-06-10', 170, 0, '남서향', '2024-05-10', 3487, '33333-3-3333', '11410-2019-00030', '서대문구', '충정로동', '충정로', '65'),
(88, '성수아이파크', 13, 110.0, '아파트', 4, 3, 2, '매매', 110000, 0, 20, '2024-05-30', 1400, 1, '동향', '2024-05-01', 1109, '1212-1212-12', '56780-2013-00111', '성동구', '성수동', '성수로', '75'),
(89, '압구정파크뷰', 20, 140.0, '아파트', 5, 3, 2, '전세', 70000, 0, 25, '2024-05-25', 1500, 1, '서향', '2024-05-01', 600, '4-4444-444', '23540-2017-00123', '강남구', '압구정동', '압구정로', '123'),
(90, '여의도리버뷰', 9, 45.0, '오피스텔', 1, 1, 1, '반전세', 9000, 50, 15, '2024-06-05', 230, 0, '남향', '2024-05-10', 600, '1010-1010-10', '89012-2018-00234', '영등포구', '여의도동', '여의대로', '55');

SET foreign_key_checks = 1; 

CREATE TABLE Contract (
    post_ID INT,
    buyer_ID INT,
    contract_type_fin VARCHAR(50) NOT NULL,
    contract_last DECIMAL(3, 1) NOT NULL,
    p_lump_fin DECIMAL(10, 2) NOT NULL,
    p_mon_rent_fin DECIMAL(10, 2) NOT NULL,
    contract_date DATE NOT NULL,
    confirm_date DATE NOT NULL,
	PRIMARY KEY (post_ID, buyer_ID),
    FOREIGN KEY (post_ID) REFERENCES Estate(post_ID),
    FOREIGN KEY (buyer_ID) REFERENCES Buyer(buyer_ID)
);

INSERT INTO Contract VALUES
(1, 3, '월세', 1, 1000, 100, '2021-06-15', '2021-06-17'),
(2, 88, '매매', 0, 80000, 0, '2021-08-10', '2021-08-12'),
(3, 9443, '전세', 2, 30000, 0, '2021-09-20', '2021-10-01'),
(4, 12345, '반전세', 1.5, 15000, 50, '2021-11-05', '2021-11-10'),
(5, 27, '월세', 1, 5000, 50, '2021-12-15', '2021-12-30'),
(6, 1098, '전세', 2, 20000, 0, '2021-10-25', '2021-11-05'),
(7, 4356, '매매', 0, 90000, 0, '2021-04-15', '2021-04-25'),
(8, 987, '반전세', 1.5, 25000, 40, '2021-07-20', '2021-07-25'),
(9, 5674, '월세', 1, 2000, 70, '2021-06-30', '2021-07-05'),
(10, 1298, '매매', 0, 75000, 0, '2021-11-15', '2021-11-30'),
(11, 764, '전세', 2, 20000, 0, '2021-05-05', '2021-05-15'),
(12, 4821, '반전세', 1.5, 30000, 70, '2021-08-25', '2021-09-10'),
(13, 3056, '월세', 1, 15000, 100, '2021-12-05', '2021-12-20'),
(14, 8723, '매매', 0, 60000, 0, '2021-10-15', '2021-10-30'),
(15, 654, '반전세', 1.5, 40000, 50, '2021-11-25', '2021-12-10'),
(16, 4519, '매매', 0, 80000, 0, '2021-09-10', '2021-09-25'),
(17, 3078, '전세', 2, 35000, 0, '2021-07-30', '2021-08-15'),
(18, 821, '월세', 1, 2000, 80, '2021-06-20', '2021-07-05'),
(19, 9287, '매매', 0, 65000, 0, '2021-12-30', '2022-01-10'),
(20, 6432, '전세', 2, 40000, 0, '2021-08-05', '2021-08-20'),
(21, 3312, '월세', 1, 12000, 80, '2022-03-10', '2022-03-25'),
(22, 1124, '전세', 2, 35000, 0, '2022-07-18', '2022-08-05'),
(23, 543, '매매', 0, 65000, 0, '2022-09-15', '2022-09-30'),
(24, 9876, '반전세', 1.5, 30000, 60, '2022-11-20', '2022-12-10'),
(25, 3245, '월세', 1, 10000, 70, '2022-10-05', '2022-10-25'),
(26, 2119, '전세', 2, 25000, 0, '2022-06-25', '2022-07-10'),
(27, 4583, '매매', 0, 70000, 0, '2022-05-15', '2022-05-30'),
(28, 7812, '월세', 1, 1500, 90, '2022-08-15', '2022-09-01'),
(29, 509, '전세', 2, 30000, 0, '2022-07-10', '2022-07-30'),
(30, 6741, '매매', 0, 65000, 0, '2022-09-25', '2022-10-15'),
(31, 8943, '반전세', 1.5, 20000, 70, '2022-11-30', '2022-12-20'),
(32, 2301, '월세', 1, 10000, 80, '2022-12-20', '2023-01-05'),
(33, 715, '전세', 2, 25000, 0, '2022-06-05', '2022-06-20'),
(34, 3382, '매매', 0, 60000, 0, '2022-05-30', '2022-06-20'),
(35, 5210, '반전세', 1.5, 22000, 60, '2022-11-10', '2022-11-30'),
(36, 7802, '전세', 2, 20000, 0, '2022-03-05', '2022-03-25'),
(37, 3457, '월세', 1, 8000, 50, '2022-08-05', '2022-08-25'),
(38, 6891, '매매', 0, 50000, 0, '2022-09-20', '2022-10-10'),
(39, 1234, '전세', 2, 23000, 0, '2022-06-10', '2022-07-01'),
(40, 4562, '반전세', 1.5, 19000, 60, '2022-11-20', '2022-12-10'),
(41, 3, '매매', 0, 55000, 0, '2023-12-15', '2023-12-30'),
(42, 88, '월세', 1, 2000, 70, '2023-07-15', '2023-08-05'),
(43, 9443, '매매', 0, 65000, 0, '2023-08-30', '2023-09-10'),
(44, 12345, '전세', 2, 27000, 0, '2023-04-20', '2023-05-10'),
(45, 27, '월세', 1, 11000, 60, '2023-09-05', '2023-09-25'),
(46, 1098, '반전세', 1.5, 20000, 70, '2023-10-10', '2023-10-25'),
(47, 4356, '매매', 0, 45000, 0, '2023-03-25', '2023-04-05'),
(48, 987, '전세', 2, 32000, 0, '2023-07-25', '2023-08-10'),
(49, 5674, '월세', 1, 14000, 80, '2023-12-25', '2024-01-10'),
(50, 1298, '매매', 0, 65000, 0, '2023-04-05', '2023-04-20'),
(51, 764, '반전세', 1.5, 18000, 70, '2023-11-25', '2023-12-05'),
(52, 4821, '전세', 2, 35000, 0, '2023-03-15', '2023-04-05'),
(53, 3056, '매매', 0, 70000, 0, '2023-08-10', '2023-08-25'),
(54, 8723, '반전세', 1.5, 20000, 60, '2023-09-20', '2023-10-05'),
(55, 654, '매매', 0, 60000, 0, '2023-06-15', '2023-07-01'),
(56, 4519, '전세', 2, 28000, 0, '2023-04-30', '2023-05-20'),
(57, 3078, '월세', 1, 15000, 70, '2023-10-30', '2023-11-15'),
(58, 821, '반전세', 1.5, 25000, 50, '2023-12-10', '2023-12-25'),
(59, 9287, '매매', 0, 55000, 0, '2023-05-25', '2023-06-10'),
(60, 6432, '전세', 2, 22000, 0, '2023-11-15', '2023-12-05');


CREATE TABLE Estate_photo (
    post_ID INT,
    URL VARCHAR(255),
    PRIMARY KEY (post_ID, URL),
    FOREIGN KEY (post_ID) REFERENCES Estate(post_ID)
);

INSERT INTO Estate_photo VALUES
(1, 'bit.ly/1-1'),
(1, 'bit.ly/1-2'),
(1, 'bit.ly/1-3'),
(2, 'bit.ly/2-1'),
(2, 'bit.ly/2-2'),
(3, 'bit.ly/3-1'),
(3, 'bit.ly/3-2'),
(3, 'bit.ly/3-3'),
(4, 'bit.ly/4-1'),
(4, 'bit.ly/4-2'),
(4, 'bit.ly/4-3'),
(5, 'bit.ly/5-1'),
(5, 'bit.ly/5-2'),
(6, 'bit.ly/6-1'),
(6, 'bit.ly/6-2'),
(7, 'bit.ly/7-1'),
(7, 'bit.ly/7-2'),
(8, 'bit.ly/8-1'),
(9, 'bit.ly/9-1'),
(10, 'bit.ly/10-1'),
(10, 'bit.ly/10-2'),
(11, 'bit.ly/11-1'),
(12, 'bit.ly/12-1'),
(13, 'bit.ly/13-1'),
(13, 'bit.ly/13-2'),
(14, 'bit.ly/14-1'),
(15, 'bit.ly/15-1'),
(16, 'bit.ly/16-1'),
(17, 'bit.ly/17-1'),
(18, 'bit.ly/18-1'),
(19, 'bit.ly/19-1'),
(20, 'bit.ly/20-1'),
(21, 'bit.ly/21-1'),
(21, 'bit.ly/21-2'),
(22, 'bit.ly/22-1'),
(23, 'bit.ly/23-1'),
(24, 'bit.ly/24-1'),
(25, 'bit.ly/25-1'),
(25, 'bit.ly/25-2'),
(25, 'bit.ly/25-3'),
(26, 'bit.ly/26-1'),
(27, 'bit.ly/27-1'),
(27, 'bit.ly/27-2'),
(28, 'bit.ly/28-1'),
(29, 'bit.ly/29-1'),
(30, 'bit.ly/30-1'),
(31, 'bit.ly/31-1'),
(31, 'bit.ly/31-2'),
(32, 'bit.ly/32-1'),
(32, 'bit.ly/32-2'),
(32, 'bit.ly/32-3'),
(33, 'bit.ly/33-1'),
(33, 'bit.ly/33-2'),
(34, 'bit.ly/34-1'),
(34, 'bit.ly/34-2'),
(35, 'bit.ly/35-1'),
(35, 'bit.ly/35-2'),
(35, 'bit.ly/35-3'),
(36, 'bit.ly/36-1'),
(36, 'bit.ly/36-2'),
(37, 'bit.ly/37-1'),
(38, 'bit.ly/38-1'),
(39, 'bit.ly/39-1'),
(40, 'bit.ly/40-1'),
(41, 'bit.ly/41-1'),
(42, 'bit.ly/42-1'),
(43, 'bit.ly/43-1'),
(43, 'bit.ly/43-2'),
(44, 'bit.ly/44-1'),
(45, 'bit.ly/45-1'),
(46, 'bit.ly/46-1'),
(46, 'bit.ly/46-2'),
(47, 'bit.ly/47-1'),
(48, 'bit.ly/48-1'),
(48, 'bit.ly/48-2'),
(49, 'bit.ly/49-1'),
(50, 'bit.ly/50-1'),
(50, 'bit.ly/50-2'),
(50, 'bit.ly/50-3'),
(51, 'bit.ly/51-1'),
(51, 'bit.ly/51-2'),
(52, 'bit.ly/52-1'),
(53, 'bit.ly/53-1'),
(54, 'bit.ly/54-1'),
(55, 'bit.ly/55-1'),
(56, 'bit.ly/56-1'),
(57, 'bit.ly/57-1'),
(58, 'bit.ly/58-1'),
(59, 'bit.ly/59-1'),
(60, 'bit.ly/60-1'),
(60, 'bit.ly/60-2'),
(60, 'bit.ly/60-3'),
(61, 'bit.ly/61-1'),
(61, 'bit.ly/61-2'),
(61, 'bit.ly/61-3'),
(62, 'bit.ly/62-1'),
(62, 'bit.ly/62-2'),
(62, 'bit.ly/62-3'),
(63, 'bit.ly/63-1'),
(63, 'bit.ly/63-2'),
(63, 'bit.ly/63-3'),
(64, 'bit.ly/64-1'),
(64, 'bit.ly/64-2'),
(64, 'bit.ly/64-3'),
(65, 'bit.ly/65-1'),
(65, 'bit.ly/65-2'),
(65, 'bit.ly/65-3'),
(66, 'bit.ly/66-1'),
(66, 'bit.ly/66-2'),
(66, 'bit.ly/66-3'),
(67, 'bit.ly/67-1'),
(67, 'bit.ly/67-2'),
(67, 'bit.ly/67-3'),
(68, 'bit.ly/68-1'),
(68, 'bit.ly/68-2'),
(68, 'bit.ly/68-3'),
(69, 'bit.ly/69-1'),
(69, 'bit.ly/69-2'),
(69, 'bit.ly/69-3'),
(70, 'bit.ly/70-1'),
(70, 'bit.ly/70-2'),
(70, 'bit.ly/70-3'),
(71, 'bit.ly/71-1'),
(71, 'bit.ly/71-2'),
(71, 'bit.ly/71-3'),
(72, 'bit.ly/72-1'),
(72, 'bit.ly/72-2'),
(72, 'bit.ly/72-3'),
(73, 'bit.ly/73-1'),
(73, 'bit.ly/73-2'),
(73, 'bit.ly/73-3'),
(74, 'bit.ly/74-1'),
(74, 'bit.ly/74-2'),
(74, 'bit.ly/74-3'),
(75, 'bit.ly/75-1'),
(75, 'bit.ly/75-2'),
(75, 'bit.ly/75-3'),
(76, 'bit.ly/76-1'),
(76, 'bit.ly/76-2'),
(76, 'bit.ly/76-3'),
(77, 'bit.ly/77-1'),
(77, 'bit.ly/77-2'),
(77, 'bit.ly/77-3'),
(78, 'bit.ly/78-1'),
(78, 'bit.ly/78-2'),
(78, 'bit.ly/78-3'),
(79, 'bit.ly/79-1'),
(79, 'bit.ly/79-2'),
(79, 'bit.ly/79-3'),
(80, 'bit.ly/80-1'),
(80, 'bit.ly/80-2'),
(80, 'bit.ly/80-3'),
(81, 'bit.ly/81-1'),
(81, 'bit.ly/81-2'),
(81, 'bit.ly/81-3'),
(82, 'bit.ly/82-1'),
(82, 'bit.ly/82-2'),
(82, 'bit.ly/82-3'),
(83, 'bit.ly/83-1'),
(83, 'bit.ly/83-2'),
(83, 'bit.ly/83-3'),
(84, 'bit.ly/84-1'),
(84, 'bit.ly/84-2'),
(84, 'bit.ly/84-3'),
(85, 'bit.ly/85-1'),
(85, 'bit.ly/85-2'),
(85, 'bit.ly/85-3'),
(86, 'bit.ly/86-1'),
(86, 'bit.ly/86-2'),
(86, 'bit.ly/86-3'),
(87, 'bit.ly/87-1'),
(87, 'bit.ly/87-2'),
(87, 'bit.ly/87-3'),
(88, 'bit.ly/88-1'),
(88, 'bit.ly/88-2'),
(88, 'bit.ly/88-3'),
(89, 'bit.ly/89-1'),
(89, 'bit.ly/89-2'),
(89, 'bit.ly/89-3'),
(90, 'bit.ly/90-1'),
(90, 'bit.ly/90-2'),
(90, 'bit.ly/90-3');

DROP TABLE Estate_photo;
DROP TABLE Contract;
DROP TABLE Estate;
DROP TABLE Buyer_phone;
DROP TABLE Buyer;
DROP TABLE Seller_phone;
DROP TABLE Seller;
DROP TABLE School;
DROP TABLE School_district;
DROP TABLE Agent_phone;
DROP TABLE Agent;
DROP TABLE Agency_phone;
DROP TABLE Agency;
DROP TABLE Seoul_address;

DROP DATABASE proj;